phase	depth	variant	median_ts	min_sample_ts	max_sample_ts	spread_pct	vs_registered_pct	vs_native_pct
pp512	0	registered-apex	1043.044697	1038.508352	1043.179330	0.448	0.000	-3.722
pp512	0	rocwmma-c588	1090.880937	1089.054549	1093.080915	0.369	4.586	0.694
pp512	0	native-a7a6	1083.363556	1076.465970	1087.007025	0.973	3.865	0.000
pp512	0	pr26419-d76	1085.295720	1081.903213	1087.986915	0.561	4.051	0.178
pp512	16384	registered-apex	785.050279	784.063609	787.898036	0.488	0.000	-4.300
pp512	16384	rocwmma-c588	951.068400	946.477269	959.725320	1.393	21.147	15.939
pp512	16384	native-a7a6	820.320344	819.166452	823.572805	0.537	4.493	0.000
pp512	16384	pr26419-d76	841.100360	840.429695	843.192914	0.329	7.140	2.533
pp512	65536	registered-apex	485.589142	485.358181	486.313063	0.197	0.000	-2.602
pp512	65536	rocwmma-c588	727.108409	726.168736	727.881150	0.236	49.737	45.841
pp512	65536	native-a7a6	498.562691	498.214924	498.606679	0.079	2.672	0.000
pp512	65536	pr26419-d76	496.280255	495.751137	496.390299	0.129	2.202	-0.458
pp512	126976	registered-apex	329.776595	329.485997	330.667480	0.358	0.000	-1.880
pp512	126976	rocwmma-c588	567.473469	566.628566	568.522553	0.334	72.078	68.843
pp512	126976	native-a7a6	336.095855	335.659981	336.186875	0.157	1.916	0.000
pp512	126976	pr26419-d76	334.184321	334.106026	334.344173	0.071	1.337	-0.569
pp4096	0	registered-apex	1004.640850	1003.140693	1004.745897	0.160	0.000	-4.764
pp4096	0	rocwmma-c588	1080.888994	1080.640536	1081.588933	0.088	7.590	2.464
pp4096	0	native-a7a6	1054.899461	1053.963653	1055.088816	0.107	5.003	0.000
pp4096	0	pr26419-d76	1059.415288	1058.039782	1060.515008	0.234	5.452	0.428
pp4096	16384	registered-apex	802.487566	802.385194	803.229232	0.105	0.000	-3.208
pp4096	16384	rocwmma-c588	975.138344	974.180022	975.528243	0.138	21.514	17.616
pp4096	16384	native-a7a6	829.088675	828.675705	829.859724	0.143	3.315	0.000
pp4096	16384	pr26419-d76	851.142177	851.051738	851.427597	0.044	6.063	2.660
pp4096	65536	registered-apex	493.004668	492.822401	493.390514	0.115	0.000	-1.830
pp4096	65536	rocwmma-c588	743.377973	743.330286	743.410451	0.011	50.785	48.026
pp4096	65536	native-a7a6	502.193018	502.128993	502.644110	0.103	1.864	0.000
pp4096	65536	pr26419-d76	500.667643	500.067158	500.848084	0.156	1.554	-0.304
pp4096	126976	registered-apex	331.866302	331.688361	332.101655	0.125	0.000	-1.232
pp4096	126976	rocwmma-c588	577.209813	576.984861	577.420881	0.076	73.928	71.785
pp4096	126976	native-a7a6	336.006523	335.906422	336.024218	0.035	1.248	0.000
pp4096	126976	pr26419-d76	336.952197	336.905332	337.076164	0.051	1.533	0.281
tg128	0	registered-apex	36.334806	36.293252	36.378299	0.234	0.000	-0.806
tg128	0	rocwmma-c588	36.590344	36.480887	36.630852	0.410	0.703	-0.108
tg128	0	native-a7a6	36.629884	36.606227	36.650448	0.121	0.812	0.000
tg128	0	pr26419-d76	36.432625	36.424564	36.720899	0.813	0.269	-0.539
tg128	16384	registered-apex	35.387527	35.377575	35.407889	0.086	0.000	-0.404
tg128	16384	rocwmma-c588	35.133852	35.117260	35.151138	0.096	-0.717	-1.118
tg128	16384	native-a7a6	35.530964	35.453440	35.553072	0.280	0.405	0.000
tg128	16384	pr26419-d76	35.514278	35.442371	35.549544	0.302	0.358	-0.047
tg128	65536	registered-apex	32.299887	32.295665	32.301236	0.017	0.000	-0.355
tg128	65536	rocwmma-c588	31.699663	31.685025	31.714841	0.094	-1.858	-2.207
tg128	65536	native-a7a6	32.414983	32.400578	32.434173	0.104	0.356	0.000
tg128	65536	pr26419-d76	32.484619	32.452263	32.552097	0.307	0.572	0.215
tg128	126976	registered-apex	29.284600	25.759068	29.313588	12.138	0.000	-0.141
tg128	126976	rocwmma-c588	28.273209	28.238218	28.309866	0.253	-3.454	-3.590
tg128	126976	native-a7a6	29.326062	29.302334	29.376699	0.254	0.142	0.000
tg128	126976	pr26419-d76	29.328646	29.325058	29.374426	0.168	0.150	0.009
