phase	depth	variant	n	median_ts	min_ts	max_ts	spread_pct_of_median	gain_vs_native_pct	samples_ts
pp512	0	current-native	3	1076.366795	1072.527185	1083.512925	1.021	0.161	1083.512925,1076.366795,1072.527185
pp512	0	current-rocwmma	3	1078.100377	1077.291644	1083.420180	0.568	0.161	1083.420180,1078.100377,1077.291644
pp512	16384	current-native	3	812.507811	811.839122	815.855846	0.494	15.755	812.507811,815.855846,811.839122
pp512	16384	current-rocwmma	3	940.516774	940.124121	949.198075	0.965	15.755	949.198075,940.516774,940.124121
pp512	65536	current-native	3	495.149703	204.235017	495.224415	58.768	45.348	204.235017,495.224415,495.149703
pp512	65536	current-rocwmma	3	719.688751	636.991785	720.725875	11.635	45.348	636.991785,719.688751,720.725875
pp512	126976	current-native	3	333.490669	164.933634	333.765698	50.626	67.794	164.933634,333.765698,333.490669
pp512	126976	current-rocwmma	3	559.576385	223.027462	560.396618	60.290	67.794	223.027462,559.576385,560.396618
pp4096	0	current-native	3	1043.642992	1041.859444	1045.538843	0.353	2.637	1043.642992,1045.538843,1041.859444
pp4096	0	current-rocwmma	3	1071.168760	1070.710850	1071.180933	0.044	2.637	1071.168760,1071.180933,1070.710850
pp4096	16384	current-native	3	822.524378	822.213238	823.100595	0.108	17.359	822.524378,823.100595,822.213238
pp4096	16384	current-rocwmma	3	965.307350	964.901343	968.286086	0.351	17.359	968.286086,964.901343,965.307350
pp4096	65536	current-native	3	500.095873	499.790892	500.652445	0.172	46.952	500.095873,499.790892,500.652445
pp4096	65536	current-rocwmma	3	734.903249	734.430812	734.942502	0.070	46.952	734.903249,734.942502,734.430812
pp4096	126976	current-native	3	333.824111	301.812816	334.138620	9.683	62.664	301.812816,334.138620,333.824111
pp4096	126976	current-rocwmma	3	543.010480	479.092782	568.937933	16.546	62.664	479.092782,543.010480,568.937933
tg128	0	current-native	3	36.566796	36.534401	36.658328	0.339	-0.318	36.534401,36.658328,36.566796
tg128	0	current-rocwmma	3	36.450608	36.429263	36.518521	0.245	-0.318	36.518521,36.450608,36.429263
tg128	16384	current-native	3	35.469911	35.405848	35.534151	0.362	-1.185	35.534151,35.405848,35.469911
tg128	16384	current-rocwmma	3	35.049595	35.040891	35.102278	0.175	-1.185	35.049595,35.040891,35.102278
tg128	65536	current-native	3	32.339026	32.294446	32.360582	0.205	-2.265	32.294446,32.339026,32.360582
tg128	65536	current-rocwmma	3	31.606506	14.800264	31.634011	53.260	-2.265	31.634011,14.800264,31.606506
tg128	126976	current-native	3	29.340517	29.296970	29.346902	0.170	-3.975	29.296970,29.346902,29.340517
tg128	126976	current-rocwmma	3	28.174183	28.132834	28.212243	0.282	-3.975	28.174183,28.212243,28.132834
